0x2c57E1E3AD53F0b971422696c1470cEB84F83B1B,100
0xca9B0753E2Ea13d7bBE0e90516Bcf940A275eFA8,100
0x030B90762Cee7a87ee4f51e715a302177043835e,100
0xc15Ac3555FD6d6b569B9762D5289A3cc31325B1b,100
0x002B254aBdcEf1F9Af4e56f0e9776Bc1fEeA1edc,100
0x573F117460813E30A00e46fb99dcbCaa73eB946f,100
0x573F117460813E30A00e46fb99dcbCaa73eB946f,100
0x2875F367B4c6c07Ca72568A9b0D0887A37f06b24,100
0x1C337B5979D6E1e27E68ee59D73AfB6EE834EEe3,100
0x246b83608E72482CE8A8Baff3AA3A17bE739D083,100
0x4BCe54FF5287C2718e4328Ad818CCA1584366920,100
0xF40EbC782eB2f915c2EA1eFa42ea579f8474fE09,100
0x07a08dc1EC0b79D7cc246b1C9aa6bfE6f8c1aeA1,100
0x78D8E8807F652B54AfE33B7645A26C5ffaE5291c,100
0x9B07641BD2267548929A8353Ef7C4b99FdDD0927,100
0x4209C9eA64fb4fA437eb950B3839a43C99d96c06,100
0x89e58F935E54d44764EeBAe1E262835c73Fdb9F0,100
0xA1745FB739AB320b8bdB0C7c993CD78b30510B5a,100
0xEB0e7a1a2E96c4b480CA053b3cA7FDa581134429,100
0xc9d5020151A29f0030B58F8c7cf5247A07e9f29D,100
0xd90eA6bb71A83952160536B6d3d35035cfD709A2,100
0x43e9Cf399C707d73b47e65bEC1917D664000F001,100
0xcEA50976FD0B2212e3F42f3aca32AB87bf237fA6,100
0x53416d06cFc0815054502EfA5b0cfE837CC6858D,100
0x007BFe6994536Ec9e89505c7De8e9EB748d3CB27,100
0x0e0193A44c0d7E36B8fAff8fD3d9004D5Bb5ff09,100
0x9a4A90E2732F3Fa4087B0Bb4bF85c76d14833dF1,100
0x5D728EBf8985df169C041FedFddf2A829190F1f0,100
0x5e529Cb8feA7173c492c9A82eF378B8D39EEde8C,100
0xA4c994aF511c438aaE9dc12FB4aAC79808369563,100
0xe5F799E2f18eCa1f52C9325898c996D54FD63414,100
0xf49615E9aC97572cA20abEC81c8236AC77A3F2Ec,100
0xa91C173412015Bb9742F8C84196558765231cbe8,100
0x7154431e0743678b4f55CaBa41D19123CcB0144d,100
0x2e09ea82894C747424f3D6547da0D0A5A06BbeF4,100
0x572A5ADb7a934A4DF4B4FBD703fC07bDDc5f0399,100
0x83942b5dafaC40925b1bFEd0aE686dB516706b6d,100
0x70E6194AE475F682CEE0fb3D174481b2e9616680,100
0xa277c67CA954582D6Da335B567acD73B02EBa6d6,100
0x573F117460813E30A00e46fb99dcbCaa73eB946f,100
0x5272cD4dD8b48FCbd85ea40c458840924B0f086e,100
0x0079CE80043EDc3325598e4A3b6293ab779bf174,100
0x05870C043D8eB303797E91a019C4B48e2019308c,100
0x1DB7b69F0078f57B0806a8136394bE44Bafdd657,100
0x3eDFcb7Dce0E24bb825FeEE463125B97f238fDE0,100
0xae375e11AB4DEB294a48fD54CF1B154CaF3b0655,100
0xeD038477488A703CDE6485D6795beB2Bb8955dc2,100
0xED2fd9b1bBb02a4cFa167942F771f7CFb522A0E6,100
0x9b9F1d09da1F4bAaF07Da2b2ce847b5c8D9b8340,100
0x5C72dA9CAd883D790eB1e4165CF2441B3bE165E2,100
0xa6Bf70bd230867c870eF13631D7EFf1AE8Ab85c9,100
0x20275e007f9678e47a9F3C52EA85d68C24217a65,100
0xA95C3543636F5d62Accf8d2B8Ae06bca1aDf679F,100
0x2C0cF060a7049b38A2Ac4eE8983fdd84e57403F3,100
0xd3242d16e8D12657e86F4a21852617a33f5d0904,100
0x00fC79F38bAf0dE21E1fee5AC4648Bc885c1d774,100
0xEa0BcB3B3899dED82597C6647D80Ff4677d361D9,100
0x0ee1Bd3BafB0a7B01dF1d3572AFc882cfba4A718,100
0x8D443dAb447811e7f7536ABC7DdF210EB76C0388,100
0x2875F367B4c6c07Ca72568A9b0D0887A37f06b24,100
0xF17E6FF9Bbf082AFB8626a7756c0d091b94300D7,100
0x8d255e2906083f8c3F6612887fae95DCEa990831,100
0x00d4D0Dd69c02e5416Fd23435fff026E02ba6D0f,100
0xb1Cc5237676632B3e9767e8230390Da1e901E587,100
0xb0FB18334e54A4CE487b6fb1530E1678fE8bc671,100
0x49a0E16e1E3f48e5C113682CaF0Ecbc2a9B551d6,100
0xB290e60A9526c22B353EA842E70bB73E985E660b,100
0x73051a64044FEa61A6100eB0b55C9087BE32ccA3,100
0xA576E704a1C1D8d7E2fdfdd251B15a3265397121,100
0x88b7a44CECD526cd2D424B0A4Cc2bbB26341Dd8f,100
0xE3FA519a02244293D2685D468454F9A697540C16,100
0x6a00b74B720c22BF83Dca604cbFCd7cf17875519,100
0xfA369b7816E43e38b45E91E303cA4bd00A47d332,100
0xa145AdDb0a24f0C4697189a02EAdb006BE244D49,100
0x3638941dB710CC0B2186afd34Aa62C12B646Ad61,100
0x1ebF9F7AB379b4f49167a7Cd34BC5DfF938FbAb8,100
0xD94e7eaDFd48DEa30CF67c4F0c9964f8F1Ef6A77,100
0xC51D3470693BC049809A1c515606124c7C75908d,100
0x00e9Ff089166938ADa5444BB3f649e44E7A1296C,100
0x1A195793a046b8B26Db57c4180052ED0D8714952,100
0xf7295F86830B0D80D4F613Dd346204Ed578fF064,100
0x44fc00c0Ee2481E4dbCAa2BC2cEbd2f121E037D8,100
0x8F380c77E8dF42BcfBC47e90824e5f5e78EA5D73,100
0x0E06D6e9ed71c073B33D3e2569464C43B187Cdf2,100
0xA75931f65bAE961b4b3689Da05913C0480e78206,100
0x5389477e84b4B7e693940a135BF0C1928d232840,100
0x002B254aBdcEf1F9Af4e56f0e9776Bc1fEeA1edc,100
0xB40cDC9B78f62425Fb1f1873507FAd41b23fC8C3,100
0x1c032408C5b3F48488A8D261bEdaebdce1e78ddb,100
0xe767c46329E37C7197C0c5b9200185e6a66b67F2,100
0xbCA8b072DE18860a00c72782B3eAd19ee13A9fcD,100
0x3c532955559B76455F182371b4f335FF2e646d81,100
0x1E468d22bAb0a9235D473b9200941b907355907D,100
0xA8f71a7A70DB8f7C0884c0a8AB034FE79FFbf9BE,100
0x3A2b9Cb84F0D090290723aD46403899aCC98bdDC,100
0x7BD9E75b1eb83Dff2857139AC63C0c5Bfa65D323,100
0xeBd5365605Aafd6e92dC0718f8Cb73B4A601aeB4,100
0x4B11F86a69ed65E8e2266d936c55dC66f43dA055,100
0x6745E85fF16302B1Aa3eFc745cDfbD538650C646,100
0xF23B127Ff5a6a8b60CC4cbF937e5683315894DDA,100
0x1807fa3568cf22f623Cada77ec08cB55c8c75701,100
0xdc7778C338E869497f09f0894618334aFC21d266,100
0xea5dF5e8197A0Bc1D3f1519d560dEDC0299562eb,100
0x40D2Fa6Ea02dFDD81eA621A1853069fbE39acc18,100
0xE55ED4DB7445216c705a52c55f9598B074c10B3b,100
0x61d78809f8E43702ba1A92F8D5F7b349C1751d5a,100
0x5006090E1e8ED9bFe64a42d1Ef62d10466094753,100
0x241ceB620B3e427405E3c064F525704E91B569cb,100
0x00b5F428905DEA1a67940093fFeaCeee58cA91Ae,100
0x83c7FB5CD9eCc5334eC028b8e0e25491CfF4D8B7,100
0x9C4fcA4C220eFaf55c7531aAaeBF0936B7c54227,100
0x0002945F1fc37863f255e0803b75Ff1f5276E23A,100
0x003cb170077B8502C6D85B90AD7A505e3eD09A71,100
0xCB1144E95c704D8835BB8B70132519244A0c45B3,100
0x002ecfdA4147e48717cbE6810F261358bDAcC6b5,100
0xe13540ecEE11B212e8B775dC8E71f374aAe9B3F8,100
0xCBA5018De6b2b6F89d84A1F5A68953f07554765e,100
0x9eC8E8F64EC6bB47d944B4b830130B5fCf2Da182,100
0x55b3230118D3952b35b7965b09752dD299a95706,100
0x6D970DC1a818CD516e4558b7e9ca1883914e7831,100
0x2875F367B4c6c07Ca72568A9b0D0887A37f06b24,100
0x6745E85fF16302B1Aa3eFc745cDfbD538650C646,100
0x7BD9E75b1eb83Dff2857139AC63C0c5Bfa65D323,100
0x9B07641BD2267548929A8353Ef7C4b99FdDD0927,100
0x002ecfdA4147e48717cbE6810F261358bDAcC6b5,100
0x425520865169c7a387e9bd3Fd84Ea7a3ac923014,100
0x241ceB620B3e427405E3c064F525704E91B569cb,100
0x1E468d22bAb0a9235D473b9200941b907355907D,100
0x00d4D0Dd69c02e5416Fd23435fff026E02ba6D0f,100
0x0466A804c880Cd5F225486A5D0f556be25B6fCC8,100
0x0b6DF62a52e9c60f07fc8B4d4F90Cab716367fb7,100
0xE3FA519a02244293D2685D468454F9A697540C16,100
0xca69a1f53123C2fe613F3E2584Dd9f54E76D4883,100
0x00596fA7783B11207861069f8BBB065C815fb01D,100
0x3CB9Ed74Ed161b1C12a26acf7948DFE6BeD0dc22,100
0x4ABd26C9329E227C164AEC2D14B76E1Cf33BE994,100
0x8fc007c3cADd925fcBdd931eFd7d4533678FCF3d,100
0x041DeDfeC783D8D6D8BD4f81Cb3675042151184D,100
0x6e9da058aBc314923C5FD23f6dAFdd3313c18DBD,100
0x729E62B33e932228A09498354505A511076584ad,100
0xd3ADFEDE9fc9DB9dcbf559D449d63a2FDD5c1133,100
0xD5eDa0f579e31Df795AD2B0d01D65b7b36a0b0E0,100
0x40D2Fa6Ea02dFDD81eA621A1853069fbE39acc18,100
0xDc76C949100FbC502212c6AA416195Be30CE0732,100
0xF9235353e6638a65FC492aAc331bb3eDE73844cF,100
0xC75C006b79dB0CF07727Fe85259464DDb3B0687b,100
0xaD30d7F437f8e3B1255FF77e943B46c71F055c0a,100
0x54771E2e04b49fA2fAA033349d9b62Bd8c6da165,100
0xA1745FB739AB320b8bdB0C7c993CD78b30510B5a,100
0x1807fa3568cf22f623Cada77ec08cB55c8c75701,100
0xea5dF5e8197A0Bc1D3f1519d560dEDC0299562eb,100
0x30f3e2e5C18163a0EbF5d6041eCE03c181A1503A,100
0x4BCe54FF5287C2718e4328Ad818CCA1584366920,100
0x1c98420e02f0C8C7793e5386eDbB5583f7A84B3E,100
0xe9d9107EfE7F2A590074D360C03198A97239fa6f,100
0x078eb6C52D436F7873EBb05daD500f199B794689,100
0x09dEfee5ff03d97d727416cE45294762d31A3E0C,100
0xeC0946deCD92aBC97D6b67EB0e4A99238B3A04dA,100
0x6698ff905637f6719c267372E897c9da13bD0657,100
0x20275e007f9678e47a9F3C52EA85d68C24217a65,100
0x3fB77B9dB00B25e15D1F466EeE68E5577D9e4ee4,100
0xa91C173412015Bb9742F8C84196558765231cbe8,100
0x00E2D9F005a1d631591C5BA047232A6516890a9d,100
0x1c032408C5b3F48488A8D261bEdaebdce1e78ddb,100
0x70E6194AE475F682CEE0fb3D174481b2e9616680,100
0x2CcDe611A35Aa395c8aEb2bAbB4E25C835CA1760,100
0xbCA8b072DE18860a00c72782B3eAd19ee13A9fcD,100
0x2C0cF060a7049b38A2Ac4eE8983fdd84e57403F3,100
0x67f11B7D6AA8eb36a1908Bf46301D5BBdF1b4e31,100
0x8D443dAb447811e7f7536ABC7DdF210EB76C0388,100
0xfA369b7816E43e38b45E91E303cA4bd00A47d332,100
0x0BeBaBf372894666056abE1D1b4E4fAF479d239D,100
0xf795F156Bc49DFf81842D12De4fF112f0f23Fb3A,100
0xbE151B4F498998CC11a09a3975B89DfC3A4d5D9e,100
0x57EA75944740f4582e282b854f72052E84532786,100
0x2e09ea82894C747424f3D6547da0D0A5A06BbeF4,100
0xE127C0c9A2783cBa017a835c34D7AF6Ca602c7C2,100
0x12A1E8f498501c2CCE0967F8b9717b28492fC668,100
0x12AEc28f0B595406a8C94a68D2705DD7dd322F6f,100
0xCBA5018De6b2b6F89d84A1F5A68953f07554765e,100
0x8Efa7e58becFC928129FA8892443715c41C98d85,100
0x4BE7ed3497342E1972d375D682dcaB1187358DD0,100
0x787e6870754Cc306C1758db62DC6Cd334bA76345,100
0x4BF70d070264e8502D87afD0BB9a43428C3e2b38,100
0x05870C043D8eB303797E91a019C4B48e2019308c,100
0x0067964a1ec5AaBfb1B84Ef4fD276B395648B7D1,100
0xae375e11ab4deb294a48fd54cf1b154caf3b0655,100
0x00D7f802E8F536778A31D0D95C8798eD5dA4Dab3,100
0x2489AB9B09625b593BEB82A53381ee4a90FB5eeA,100
0x27D29DF431B6f17C536EcC9b73FA18eb7F9b71AF,100
0x291C484B3Eb92C55f55B318c9E02B0De8a2D5B3B,100
0x2a7B8545c9f66e82Ac8237D47a609f0cb884C3cE,100
0x699ed52F9EC2EADAbf792c2368D29F94967E2981,100
0xE8dd3Db745A91Ab31dfD35D7D1dFB555E5f051e3,100
0x50EC02BF39Be1E2Fc3cC5dd94037b6c6778bB450,100
0x45E5d313030Be8E40FCeB8f03d55300DA6a8799e,100
0xF3D10939063783F11E69760336B64d8da380a605,100
0x2f66977614175645f72E2BE48E9C30953f5233bC,100
0xC4827B3dD2aeceF92D2Ab7093B512f7b58534bf6,100
0xf472327B552C1B5C0cea520Fc842441Dcb1E70aC,100
0xc09A8817BF0A6979c4ef8fA4F521413299FaF462,100
0xA576E704a1C1D8d7E2fdfdd251B15a3265397121,100
0x0A0402028DF069a75f7aA10C18D1aBE40464ACB0,100
0xa97b20f4876b891faC3D79E8639004A29fbBCbe9,100
0xe87a5675ea7374b254966FF1D0D97b93445d0787,100
0xe99a5Cff97c407380fC3eE4DC22386e1eb66f56D,100
0x0C82378713778979Bdf304f01D3b88DAf92df36d,100
0xb290e60a9526c22b353ea842e70bb73e985e660b,100
0x2EE3763c20c80B21298FDb4aEE17aC1a9913412a,100
0x1AD754EFF2212c20519d01a5A134f665f9c1ef72,100
0xea2957f12c0efEf131E09036205971e06176E166,100
0x66814876b3CF1DB4A7B852C8bF363eA98f9CA71b,100
0x5C72dA9CAd883D790eB1e4165CF2441B3bE165E2,100
0x5389477e84b4B7e693940a135BF0C1928d232840,100
0xe564d9afc3e8d7ddc99912dbc5db58925b414024,100
0x4E7bEAA66751b2Cb935AeE9717052F057D285843,100
0x00bbDf1f6f374f0986DCD53c85D071D29A8FF156,100
0xe0f39f2D9fCAddDEe3190bF9978BA7fB62D159A4,100
0x9eC8E8F64EC6bB47d944B4b830130B5fCf2Da182,100
0x28BcD7D3f03a0f5eF0d8eC0397FBCC29181B1929,100
0xB8ee41a82dd032d7a64160b5a5A8c60b2B9aa7eA,100
0x09b914c69486dDf4453e246612F152518fc9599B,100
0x00DdecCF417669bc3F03D88Dbc0D1EE181153d1E,100
0xCB1144E95c704D8835BB8B70132519244A0c45B3,100
0x6117d23DBdD187288BB3bdE1EbD9e9A67B4FB126,100
0xd2CE22E22f4d985C832909B1c9F1bC5E304dF1ae,100
0x78d8e8807f652b54afe33b7645a26c5ffae5291c,100
0x4BD74D345c128f0A80bc711740D16cf3cce70dE1,100
0x0024d44f11A321A70888283808c81c454B156546,100
0x3CB5B35b56851429Eb74590DB1B82B80914d628e,100
0x3147d9811afd712689B1925E80dd487EB6397Af8,100
0x8aE49E5e2C13dbeA3294B3Cb5C14edFe284F9398,100
0xb289cF7D98928E3A3cD7F1600A3dbaA0eFfcDe56,100
0xa2F43AEaf97499F00D4DC5d56cE3ce3312044895,100
0x0002945F1fc37863f255e0803b75Ff1f5276E23A,100
0xde8442500b2dCcDfE62EB9ca88AE8a830c9828AE,100
0x93339BD17DbB90BA87cCF08FFD2Ed67b613e8b84,100
0xce0E4d411405c6d7450A36FFFfbA5a7F3cf6E67e,100
0xdfBAb78d2c431A2fF87df52e92FA881b2A22e271,100
0x8528B5Ece6Ef036e9f27b2111D6BBfeE1A68182a,100
0x0bE7e385EADD4D7b4939F255ccC7d5BEB202B570,100
0x81e195744fAFb0f519CfdF6805c12C7A1D58843B,100
0xb583DaF9A2d4556B43D4426c9223B5A46f2e3F5e,100
0x86751D220019258756ec48E42d552Ed248237b07,100
0xdF1931c1C6C16Cb586FD50F8B082129d2d38B033,100
0x3622735DFCe0E019A10d34e5afbB4A58CED0FC35,100
0xFfeB9214F614C763f429809956328069e781fE6D,100
0xe5F799E2f18eCa1f52C9325898c996D54FD63414,100
0x73051a64044FEa61A6100eB0b55C9087BE32ccA3,100
0x681ada67950d96DCc9F2951d32353663Ed6e59c9,100
0x6cA91b4Fc82B608342821ab950C5DD7383c79d82,100
0x4ABe48b331818F5e08CB767252fC7D28239055Ae,100
0xeb6774E5223825280Eaf620CDd23e8A3346Ae02B,100
0xa6Bf70bd230867c870eF13631D7EFf1AE8Ab85c9,100
0x53819e5704484BB3Ead4A587B47688Bf0D455b71,100
0xf7295F86830B0D80D4F613Dd346204Ed578fF064,100
0x1A195793a046b8B26Db57c4180052ED0D8714952,100
0x47356A9a9a29e54FDdEDC778585F98C024325Bbe,100
0x884CadD01715854B83779e835473960ec8ef59E0,100
0xEe48449C9fDa33a6da7A86Eb0fa7B39ece5905cD,100
0xfcd8ae311912731496dB2f04a7737a9A9B76cCb8,100
0xD10c7AbC7dD0e2Cc30a6Eda9a2fc868cb244C8B9,100
0xfAe9cDbb31856A1769532e0F52Ef12521B886f1c,100
0xdde7A6341574085D39Dc7D0Ad0962D81dDE19746,100
0x28A6BA2203B78B7E0DE3dfcAf687C400BDf1548d,100
0xe767c46329E37C7197C0c5b9200185e6a66b67F2,100
0x07a08dc1EC0b79D7cc246b1C9aa6bfE6f8c1aeA1,100
0x7f1938e64e03ee22E73c1b705b01944A4EEBA923,100
0xB40cDC9B78f62425Fb1f1873507FAd41b23fC8C3,100
0x4209C9eA64fb4fA437eb950B3839a43C99d96c06,100
0x8Ac745Bf1B0Bd6b42f64BcF5F8cCe2d834D68501,100
0x2B4B604d5A6F89Fcb8303EF201D7a7A5fC11773a,100
0x7155cF3F087D877f8DEd49D2a78EBFEa86E5A967,100
0xB02A8468A646f6699f67d363E65BDf05e41eB883,100
0xb8a205399ff41145cF45c914b990beFd125e581c,100
0x00a12B222BB958bcA10Ff3047e9D098c41BBcB6a,100
0x4B6DF5da2ee81db8994a04c291c7d29D5f7689fC,100
0xB319D36FA9d65fAFEC26EC68C88204f5437889b7,100
0x691f592CD7268B2fCFaC64A11dE1C1940416F510,100
0x241E8E4bfdaAa5A101a7DE0074a45bE5574a5BEF,100
0xBA3cbd319037509c00d9bFCc67232e448AF4B2e3,100
0x1F373a292DD28Db36b4f4441897a2004EB7F5Ddf,100
0xaabc51D902Bc70A9b0aAE53A59256e681F882f52,100
0x0e34fb8fb1ec873118824f75edf0f04fa2462f0a,100
0x1C337B5979D6E1e27E68ee59D73AfB6EE834EEe3,100
0x9800445824ddd786B6D14Cb1FfFAc466E235E086,100
0xF17E6FF9Bbf082AFB8626a7756c0d091b94300D7,100
0x5a423B4082c6820E5159dBF603C8387eDe626D1d,100
0x002B254aBdcEf1F9Af4e56f0e9776Bc1fEeA1edc,100
0xd36FBDF060ca4E733444e106905fadc0D253E787,100
0x9eC8E8F64EC6bB47d944B4b830130B5fCf2Da182,100
0x651664BCDb4DAfFb296Bd248Cbc0c57595d4F9E1,100
0x3c532955559B76455F182371b4f335FF2e646d81,100
0xc8B592EC5199df750E56efd260F8bc273e1Da5bd,100
0x95C7DFEb6e089dc24551dDED38AEEdd800110e8e,100
0x00Cd9Fad11d5B2118a3dd32d5d43FDb33BDe9e85,100
0xD933d531D354Bb49e283930743E0a473FC8099Df,100
0x320FcE90C7a7B1a07Ab2FAdaC7782249C07b0188,100
0x59aa869D269d80dCbeA01835b20fC5C9A3672E28,100
0xeBd5365605Aafd6e92dC0718f8Cb73B4A601aeB4,100
0xC765dB711368651674723B755c27AEe1D94A7d19,100
0x004e4A1697c809f88c67823A9CF562A34a91e70D,100
0xBFF91ffFaA6bB8e8ca1fCAE1430cbA23F8384f77,100
0x572A5ADb7a934A4DF4B4FBD703fC07bDDc5f0399,100
0xD2127f6ed3BfAD4d0e5804518C884BA679AA119f,100
0x61d78809f8e43702ba1a92f8d5f7b349c1751d5a,100
0xb58f8c95ad43e90e36b6bf2efa44b6672fe26bb1,100
0x88696C4985f64Ea1EBfb9E46c1B47197F7a244AB,100
0x3638941dB710CC0B2186afd34Aa62C12B646Ad61,100
0xa277c67CA954582D6Da335B567acD73B02EBa6d6,100
0x6621295A7fAdD3AB78aE6915502bD50fDd5A1491,100
0x9c45650e1E22972746DBCd39A77bEAd4609198Ac,100
0x60Cdb3E8A818e3b082B66E0493b2c15d0125CdB6,100
0x630d763c9c8501820eacf56296232ff109c4cff1,100
0x00fC79F38bAf0dE21E1fee5AC4648Bc885c1d774,100
0xCdd7C6BF342128eA699725316a78C6134b4bC364,100
0x622b2c840d856181661482a2f7d9a5a41e0f992a,100
0xE58dC9FE80d4Ffc56899955612f1151e6546cf4c,100
0x3203732069469d91d394E3BAf11488F649F3Faa3,100
0x4C2272Cae236CDc23423b5bD41D9692C993011fa,100
0xE5d4AaFC54CF15051BBE0bA11f65dE4f4Ccedbc0,100
0x67e0887a3614da0dc94b6b36bc787d7c528ec8c2,100
0x43e9cf399c707d73b47e65bec1917d664000f001,100
0xC51D3470693BC049809A1c515606124c7C75908d,100
0xd4f413E20430f343f6682F8fB1f14Bc04933bA15,100
0x5b5fd307c91ac7ffbdc2da1f761e0cfba1bdceab,100
0xd86416809135a4d46f41661e105d20f5057ac160,100
0x5e529Cb8feA7173c492c9A82eF378B8D39EEde8C,100
0xB02376a9E531374964803255041c8F0F97367E49,100
0xd2C781C6EF5bdA4a7c69B6D5B5F9f68Fd0261D26,100
0xF23B127Ff5a6a8b60CC4cbF937e5683315894DDA,100
0x2d0cb83be2cDF39955D664a8765cb55515612058,100
0x4d712EaD95735917e46Dd9FcD1e56909f990d065,100
0x980844d9bC79F363cafe22a371F6244232402e79,100
0x0079CE80043EDc3325598e4A3b6293ab779bf174,100
0x45214f73c569Abd92f292F9Ff7733aBDf8cb838B,100
0x56F3d160e0099fF86340cB2480C29827887df65a,100
0xE47359a8e2e53C827B2D95846afa932531ed7EaA,100
0x406A65d1010B4B34E25faAD8655E3cb84c1a98b9,100
0xA1745FB739AB320b8bdB0C7c993CD78b30510B5a,100
0x00652FACdfC73C65ec766eb7d48FcE37ec45E5a2,100
0xCDa9BFE9D578003E9dBDC90A5Dd1E9B0F52C01f6,100
0x67C0fc4B0490ab7E76C08C2bbD30fAc0059bbc7A,100
0xf6770969D954DE4Ac44DaFfaB4A6C2F787662745,100
0x8e9DEeA21ef51CcE5a829Da17665921B984E8EBC,100
0x5b3D6F3500274ce03C0064d9302dC6753c0daa3d,100
0xd8eDfE3965Da98BA4716278b88a9497DbddCD668,100
0xf9E232D612Ba7a048653Ca949525DdEa386c68B0,100
0x287e2c76Aab4720786076c3DEedD7Dd386092050,100
0x4F7e8219f2Ca71939DCaaf294237082faD5fd136,100
0x08d28f5A936dab11e3226A88D7F3d9B861aD5F5D,100
0xB8fE10b4Eb7CC046df32343632f3F57fb7e09EB0,100
0xEa0BcB3B3899dED82597C6647D80Ff4677d361D9,100
0x0067CEa213C9c5A7114c8D7121F6aaC35bA8f8e7,100
0xfc97F70a9871A72b23b29F9364398e89fc0c32ff,100
0xE55ED4DB7445216c705a52c55f9598B074c10B3b,100
0x60446978DfBD2aa78172Fce6482829Df4a70378E,100
0x256530ce969f76EcE1cf66998aef0eAB6a940fA8,100
0x49Faf90E18C0fDAdC666B3B3d4B49972E220EBDb,100
0x4A6BeAD6cEc414623dAe39A3356267dF19DF9f4A,100
0x000a97B2a3a9b6D36E94184f7A1435F8Ac8fEE3F,100
0xc900A485fe65dCB58b93af23d4808b12baB2FF18,100
0xEA73d839C2f8c6934e52b2Ee03c7374DD22a7BB0,100
0xd59743f9f38Bb39a917F8142E0f563c5f75Fc9c9,100
0x4945C040Af350C0F57768cd81cF2A9c64cD2D73f,100
0x0a4F3f0F46da0CaBA7D06F79f7e78991aB22A3B2,100
0xe71fba00145d2b1bBd8De102050AC38c25a219b9,100
0x9781E11fA8Cc3a013e54A4479Aa88255F65248bd,100
0x9263878fa3b306e230e0c9513b5ee6e8e6e0c577,100
0x0ee1Bd3BafB0a7B01dF1d3572AFc882cfba4A718,100
0x5272cD4dD8b48FCbd85ea40c458840924B0f086e,100
0x5136C98A80811C3f46bDda8B5c4555CFd9f812F0,100
0xaA6088EE791c00496b565841A5c3BC004d007c4A,100
0xf95e6BE275FF64Cb8F3F0aDFE76727614Ff021a7,100
0x48fB9cD649DC94A609F16E24884E4c439410F9F2,100
0xcEA50976FD0B2212e3F42f3aca32AB87bf237fA6,100
0x97Cd05ee9f47c6AbA029c5ed4Fbce8CE817586e3,100
0x1ebF9F7AB379b4f49167a7Cd34BC5DfF938FbAb8,100
0x0ad55Adc930d142496f2a46358Fa7306A6295763,100
0xEB0e7a1a2E96c4b480CA053b3cA7FDa581134429,100
0xED2fd9b1bBb02a4cFa167942F771f7CFb522A0E6,100
0x4B11F86a69ed65E8e2266d936c55dC66f43dA055,100
0x007B33ccd6A96556EbB8EB0024122858Ff77F520,100
0x00A43fB9553007F0760E6E563c0eec78810D33A0,100
0xbA45E6074f1327d0C7ce418B4308C3a45E0b8B73,100
0x3573CBD6C159610E127028e2F81B0c0Fe1BA4435,100
0x5006090e1e8ed9bfe64a42d1ef62d10466094753,100
0x1eB53Af3879BcbA628883d2752615938547e85e9,100
0x88b7a44CECD526cd2D424B0A4Cc2bbB26341Dd8f,100
0x120150330248a628fa8643a21645a79d13ecc779,100
0x2f551E0865AB55849a17BFAc97A8E65E43101328,100
0x9a4A90E2732F3Fa4087B0Bb4bF85c76d14833dF1,100
0x3A2b9Cb84F0D090290723aD46403899aCC98bdDC,100
0x179A409d249a3B1EB533ab976fc1AA4C7F2F164f,100
0x0f4F85F5D84b438D25e277209eC41fa59894E5B5,100
0x573F117460813E30A00e46fb99dcbCaa73eB946f,100
0x8F380c77E8dF42BcfBC47e90824e5f5e78EA5D73,100
0xE0bDD40f4b137dDA2Fe25c972ACB4f52f3549049,100
0x636412D8A30CA7B63A5C9C385ad8d863abFD4a31,100
0x3078F22015436d621062f7CC8334774EB5685E97,100
0xA4c994aF511c438aaE9dc12FB4aAC79808369563,100
0x9b9F1d09da1F4bAaF07Da2b2ce847b5c8D9b8340,100
0x8F380c77E8dF42BcfBC47e90824e5f5e78EA5D73,100
0x83c7FB5CD9eCc5334eC028b8e0e25491CfF4D8B7,100
0xE772fD7C870306f7cc093a7Bcc99687C123719E7,100
0xF40EbC782eB2f915c2EA1eFa42ea579f8474fE09,100